id,title,category,content
1,Photosynthesis Basics,Science,"Photosynthesis converts light energy into chemical energy stored in glucose. It occurs mainly in the chloroplasts of plant cells, using chlorophyll to absorb light, primarily in the blue and red wavelengths, while reflecting green light."
2,The Bretton Woods System,History,"Established in 1944, the Bretton Woods system pegged major currencies to the US dollar, which was in turn convertible to gold at a fixed rate. It collapsed in 1971 when the US suspended dollar-gold convertibility, ushering in the era of floating exchange rates."
3,TCP Three-Way Handshake,Technology,"TCP connections are established through a three-step process: SYN, SYN-ACK, and ACK. The client sends a SYN packet, the server responds with SYN-ACK, and the client confirms with an ACK, after which data transfer can begin."
4,Compound Interest Formula,Finance,"Compound interest is calculated as A = P(1 + r/n)^(nt), where P is principal, r is annual interest rate, n is the number of compounding periods per year, and t is time in years. More frequent compounding yields a higher effective return."
5,Mitochondria Function,Science,"Mitochondria are membrane-bound organelles often called the powerhouse of the cell because they generate most of the cell's ATP through oxidative phosphorylation. They contain their own DNA, inherited maternally in most species."
6,The Silk Road Trade Network,History,"The Silk Road was a network of trade routes connecting East Asia to the Mediterranean, active from roughly the 2nd century BCE to the 15th century CE. It facilitated the exchange of silk, spices, precious metals, and ideas including religion and technology."
7,REST vs GraphQL,Technology,"REST APIs expose fixed endpoints that return predetermined data structures, often leading to over-fetching or under-fetching. GraphQL allows clients to request exactly the fields they need in a single query, reducing round trips but adding complexity on the server."
8,Diversification in Portfolio Theory,Finance,"Modern portfolio theory suggests that combining assets with low or negative correlation reduces overall portfolio risk without necessarily reducing expected return. This is the mathematical basis for the common advice not to put all your eggs in one basket."
9,Plate Tectonics Overview,Science,"The theory of plate tectonics describes the large-scale motion of seven major and several minor plates of the Earth's lithosphere. Their interactions at boundaries cause earthquakes, volcanic activity, and the formation of mountain ranges."
10,The Fall of the Western Roman Empire,History,"The Western Roman Empire is conventionally dated as ending in 476 CE when the Germanic chieftain Odoacer deposed the last emperor, Romulus Augustulus. Contributing factors included economic decline, military overextension, and repeated invasions by Germanic tribes."
